Nombre,FODA_png
Katie Lai Yin Chiu Vásquez ,/content/foda_output/foda_persona/Katie Lai Yin Chiu Vásquez _FODA.png
Eduin Ramón Chavarría Machado ,/content/foda_output/foda_persona/Eduin Ramón Chavarría Machado _FODA.png
Jackyr Antonio Discua Calix,/content/foda_output/foda_persona/Jackyr Antonio Discua Calix_FODA.png
Heysser Javier Machado Mejía ,/content/foda_output/foda_persona/Heysser Javier Machado Mejía _FODA.png
Lester Bustillo,/content/foda_output/foda_persona/Lester Bustillo_FODA.png
Erick David Blanco Santos,/content/foda_output/foda_persona/Erick David Blanco Santos_FODA.png
Lizzy Pamela Mejia Mejia,/content/foda_output/foda_persona/Lizzy Pamela Mejia Mejia_FODA.png
