Nombre,Tecnico_promedio,Rol_sugerido,Rol_puntaje,TopTecnico,BrechasTecnicas,PNG_Tecnicas,PNG_Radar,PNG_RoleFit,PNG_FODA,Informe_TXT
Katie Lai Yin Chiu Vásquez ,0.5208333333333334,PM_Lider,0.7276785714285714,backend_api(1.00); programacion_python(0.75); js_ts(0.75),devops_cloud(0.00); qa_testing(0.00); ux_ui(0.00),/content/foda_output/deep_persona/Katie Lai Yin Chiu Vásquez _tecnicas.png,/content/foda_output/deep_persona/Katie Lai Yin Chiu Vásquez _adapt_neg_radar.png,/content/foda_output/deep_persona/Katie Lai Yin Chiu Vásquez _role_fit.png,/content/foda_output/deep_persona/Katie Lai Yin Chiu Vásquez _FODA.png,/content/foda_output/deep_persona/Katie Lai Yin Chiu Vásquez _informe.txt
Eduin Ramón Chavarría Machado ,0.4583333333333333,PM_Lider,0.6651785714285713,redes(1.00); ciberseguridad(0.75); js_ts(0.50),programacion_python(0.25); backend_api(0.25); nosql(0.25),/content/foda_output/deep_persona/Eduin Ramón Chavarría Machado _tecnicas.png,/content/foda_output/deep_persona/Eduin Ramón Chavarría Machado _adapt_neg_radar.png,/content/foda_output/deep_persona/Eduin Ramón Chavarría Machado _role_fit.png,/content/foda_output/deep_persona/Eduin Ramón Chavarría Machado _FODA.png,/content/foda_output/deep_persona/Eduin Ramón Chavarría Machado _informe.txt
Jackyr Antonio Discua Calix,0.6458333333333334,PM_Lider,0.8169642857142857,js_ts(1.00); sql(1.00); redes(1.00),ux_ui(0.00); ciberseguridad(0.25); devops_cloud(0.50),/content/foda_output/deep_persona/Jackyr Antonio Discua Calix_tecnicas.png,/content/foda_output/deep_persona/Jackyr Antonio Discua Calix_adapt_neg_radar.png,/content/foda_output/deep_persona/Jackyr Antonio Discua Calix_role_fit.png,/content/foda_output/deep_persona/Jackyr Antonio Discua Calix_FODA.png,/content/foda_output/deep_persona/Jackyr Antonio Discua Calix_informe.txt
Heysser Javier Machado Mejía ,0.4583333333333333,PM_Lider,0.6830357142857143,programacion_python(0.50); backend_api(0.50); nosql(0.50),js_ts(0.25); frameworks_web(0.25); programacion_python(0.50),/content/foda_output/deep_persona/Heysser Javier Machado Mejía _tecnicas.png,/content/foda_output/deep_persona/Heysser Javier Machado Mejía _adapt_neg_radar.png,/content/foda_output/deep_persona/Heysser Javier Machado Mejía _role_fit.png,/content/foda_output/deep_persona/Heysser Javier Machado Mejía _FODA.png,/content/foda_output/deep_persona/Heysser Javier Machado Mejía _informe.txt
Lester Bustillo,0.4583333333333333,QA,0.6893939393939394,nosql(0.75); programacion_python(0.50); frameworks_web(0.50),devops_cloud(0.25); ciberseguridad(0.25); datos_ml(0.25),/content/foda_output/deep_persona/Lester Bustillo_tecnicas.png,/content/foda_output/deep_persona/Lester Bustillo_adapt_neg_radar.png,/content/foda_output/deep_persona/Lester Bustillo_role_fit.png,/content/foda_output/deep_persona/Lester Bustillo_FODA.png,/content/foda_output/deep_persona/Lester Bustillo_informe.txt
Erick David Blanco Santos,0.5,Data_ML,0.7435897435897435,programacion_python(1.00); js_ts(0.75); frameworks_web(0.75),devops_cloud(0.00); qa_testing(0.00); ux_ui(0.00),/content/foda_output/deep_persona/Erick David Blanco Santos_tecnicas.png,/content/foda_output/deep_persona/Erick David Blanco Santos_adapt_neg_radar.png,/content/foda_output/deep_persona/Erick David Blanco Santos_role_fit.png,/content/foda_output/deep_persona/Erick David Blanco Santos_FODA.png,/content/foda_output/deep_persona/Erick David Blanco Santos_informe.txt
Lizzy Pamela Mejia Mejia,0.4791666666666667,PM_Lider,0.7678571428571428,programacion_python(0.75); js_ts(0.75); backend_api(0.75),devops_cloud(0.00); qa_testing(0.00); ux_ui(0.00),/content/foda_output/deep_persona/Lizzy Pamela Mejia Mejia_tecnicas.png,/content/foda_output/deep_persona/Lizzy Pamela Mejia Mejia_adapt_neg_radar.png,/content/foda_output/deep_persona/Lizzy Pamela Mejia Mejia_role_fit.png,/content/foda_output/deep_persona/Lizzy Pamela Mejia Mejia_FODA.png,/content/foda_output/deep_persona/Lizzy Pamela Mejia Mejia_informe.txt
