Nombre,Top_terminos
Katie Lai Yin Chiu Vásquez ,"fines semana, trabajo ansiedad, ansiedad, semana trabajo, semana, ansiedad enfermedades, clase, clase fines"
Eduin Ramón Chavarría Machado ,"recursos electricidad, disponibilidad recursos, disponibilidad, electricidad transporte, procastinación disponibilidad, transporte, procastinación, electricidad"
Jackyr Antonio Discua Calix,"demasiadas, demasiadas áreas, tiempo recursos, económica familiar, interés estabilidad, económicos, económicos demasiadas, estabilidad"
Heysser Javier Machado Mejía ,"aveces, demasiado, procrastinación aveces, necesito me, tener demasiado, tener, al, al momento"
Lester Bustillo,"mis, experiencia, me, buscan, campo, campo ingeniería, tecnológicos, buscan mismas"
Erick David Blanco Santos,"inglés, nivel, participación, puede, habilidades, baja participación, baja, backend requieren"
Lizzy Pamela Mejia Mejia,"formal, experiencia, aprendizaje, automatizados, automatizados contratación, vez, aprendizaje continuo, técnico diferenciador"
