Nombre,Sugerencias_capacitacion
Katie Lai Yin Chiu Vásquez ,"['Ciencia de datos con Python (Pandas, scikit-learn, EDA)', 'Descubrimiento de producto y research con usuarios', 'DevOps/Cloud (Docker, CI/CD, despliegue en nube)', 'Experiencia de cliente/usuario', 'Frontend/UX (patrones UI, heurísticas, handoff)', 'Métodos de investigación y redacción científica']"
Eduin Ramón Chavarría Machado ,"['Ciencia de datos con Python (Pandas, scikit-learn, EDA)', 'DevOps/Cloud (Docker, CI/CD, despliegue en nube)', 'Diseño de APIs REST con Node/Express y autenticación JWT', 'Diseño y operación de bases NoSQL', 'Frontend/UX (patrones UI, heurísticas, handoff)', 'Python para ciencia de datos y automatización']"
Jackyr Antonio Discua Calix,"['Ciberseguridad aplicada (OWASP Top 10, hardening)', 'DevOps/Cloud (Docker, CI/CD, despliegue en nube)', 'Frontend/UX (patrones UI, heurísticas, handoff)', 'Gestión del tiempo y priorización (técnicas Pomodoro/OKR/kanban personal)']"
Heysser Javier Machado Mejía ,"['Comunicación y presentaciones técnicas (storytelling, pitch, visualización)', 'DevOps/Cloud (Docker, CI/CD, despliegue en nube)', 'Frameworks web (React/Angular/Vue)', 'Gestión del tiempo y priorización (técnicas Pomodoro/OKR/kanban personal)', 'JavaScript/TypeScript moderno', 'Manejo del estrés y resiliencia (hábitos, límites, descanso)']"
Lester Bustillo,"['Ciberseguridad aplicada (OWASP Top 10, hardening)', 'Ciencia de datos con Python (Pandas, scikit-learn, EDA)', 'Comunicación y presentaciones técnicas (storytelling, pitch, visualización)', 'DevOps/Cloud (Docker, CI/CD, despliegue en nube)', 'Gestión del tiempo y priorización (técnicas Pomodoro/OKR/kanban personal)']"
Erick David Blanco Santos,"['Ciberseguridad aplicada (OWASP Top 10, hardening)', 'Comunicación y presentaciones técnicas (storytelling, pitch, visualización)', 'Descubrimiento de producto y research con usuarios', 'DevOps/Cloud (Docker, CI/CD, despliegue en nube)', 'Didáctica y técnicas de enseñanza', 'Diseño de APIs REST con Node/Express y autenticación JWT']"
Lizzy Pamela Mejia Mejia,"['Ciberseguridad aplicada (OWASP Top 10, hardening)', 'DevOps/Cloud (Docker, CI/CD, despliegue en nube)', 'Diseño de APIs REST con Node/Express y autenticación JWT', 'Frameworks web (React/Angular/Vue)', 'Frontend/UX (patrones UI, heurísticas, handoff)', 'Gestión del tiempo y priorización (técnicas Pomodoro/OKR/kanban personal)']"
