Nombre,Rol_optimo,Puntaje_rol_optimo,Top3,Brechas(<0.5),Sugerencias,Terminos_clave,Radar_png,Barras_png,Reporte_txt
Katie Lai Yin Chiu Vásquez ,PM_Lider,0.7276785714285714,"backend_api, gestion_tiempo, comunicacion","datos_ml, devops_cloud, qa_testing, ux_ui, descubrimiento_producto, presentaciones, relacion_cliente, investigacion","Ciencia de datos con Python (Pandas, scikit-learn, EDA); Descubrimiento de producto y research con usuarios; DevOps/Cloud (Docker, CI/CD, despliegue en nube); Experiencia de cliente/usuario; Frontend/UX (patrones UI, heurísticas, handoff); Métodos de investigación y redacción científica","fines semana, trabajo ansiedad, ansiedad, semana trabajo, semana, ansiedad enfermedades, clase, clase fines",/content/foda_output/personas/Katie Lai Yin Chiu Vásquez _radar.png,/content/foda_output/personas/Katie Lai Yin Chiu Vásquez _top10.png,/content/foda_output/personas/Katie Lai Yin Chiu Vásquez _reporte.txt
Eduin Ramón Chavarría Machado ,PM_Lider,0.6651785714285713,"redes, descubrimiento_producto, presentaciones","programacion_python, backend_api, nosql, datos_ml, ux_ui","Ciencia de datos con Python (Pandas, scikit-learn, EDA); DevOps/Cloud (Docker, CI/CD, despliegue en nube); Diseño de APIs REST con Node/Express y autenticación JWT; Diseño y operación de bases NoSQL; Frontend/UX (patrones UI, heurísticas, handoff); Python para ciencia de datos y automatización","recursos electricidad, disponibilidad recursos, disponibilidad, electricidad transporte, procastinación disponibilidad, transporte, procastinación, electricidad",/content/foda_output/personas/Eduin Ramón Chavarría Machado _radar.png,/content/foda_output/personas/Eduin Ramón Chavarría Machado _top10.png,/content/foda_output/personas/Eduin Ramón Chavarría Machado _reporte.txt
Jackyr Antonio Discua Calix,PM_Lider,0.8169642857142857,"js_ts, redes, sql","ciberseguridad, ux_ui","Ciberseguridad aplicada (OWASP Top 10, hardening); DevOps/Cloud (Docker, CI/CD, despliegue en nube); Frontend/UX (patrones UI, heurísticas, handoff); Gestión del tiempo y priorización (técnicas Pomodoro/OKR/kanban personal)","demasiadas, demasiadas áreas, tiempo recursos, económica familiar, interés estabilidad, económicos, económicos demasiadas, estabilidad",/content/foda_output/personas/Jackyr Antonio Discua Calix_radar.png,/content/foda_output/personas/Jackyr Antonio Discua Calix_top10.png,/content/foda_output/personas/Jackyr Antonio Discua Calix_reporte.txt
Heysser Javier Machado Mejía ,PM_Lider,0.6830357142857143,"docencia, relacion_cliente, presentaciones","js_ts, frameworks_web","Comunicación y presentaciones técnicas (storytelling, pitch, visualización); DevOps/Cloud (Docker, CI/CD, despliegue en nube); Frameworks web (React/Angular/Vue); Gestión del tiempo y priorización (técnicas Pomodoro/OKR/kanban personal); JavaScript/TypeScript moderno; Manejo del estrés y resiliencia (hábitos, límites, descanso)","aveces, demasiado, procrastinación aveces, necesito me, tener demasiado, tener, al, al momento",/content/foda_output/personas/Heysser Javier Machado Mejía _radar.png,/content/foda_output/personas/Heysser Javier Machado Mejía _top10.png,/content/foda_output/personas/Heysser Javier Machado Mejía _reporte.txt
Lester Bustillo,QA,0.6893939393939394,"creatividad, negocio, descubrimiento_producto","datos_ml, devops_cloud, ciberseguridad","Ciberseguridad aplicada (OWASP Top 10, hardening); Ciencia de datos con Python (Pandas, scikit-learn, EDA); Comunicación y presentaciones técnicas (storytelling, pitch, visualización); DevOps/Cloud (Docker, CI/CD, despliegue en nube); Gestión del tiempo y priorización (técnicas Pomodoro/OKR/kanban personal)","mis, experiencia, me, buscan, campo, campo ingeniería, tecnológicos, buscan mismas",/content/foda_output/personas/Lester Bustillo_radar.png,/content/foda_output/personas/Lester Bustillo_top10.png,/content/foda_output/personas/Lester Bustillo_reporte.txt
Erick David Blanco Santos,Data_ML,0.7435897435897435,"programacion_python, colaboracion, comunicacion","devops_cloud, qa_testing, ux_ui, negocio, descubrimiento_producto, presentaciones, relacion_cliente, docencia, investigacion","Ciberseguridad aplicada (OWASP Top 10, hardening); Comunicación y presentaciones técnicas (storytelling, pitch, visualización); Descubrimiento de producto y research con usuarios; DevOps/Cloud (Docker, CI/CD, despliegue en nube); Didáctica y técnicas de enseñanza; Diseño de APIs REST con Node/Express y autenticación JWT","inglés, nivel, participación, puede, habilidades, baja participación, baja, backend requieren",/content/foda_output/personas/Erick David Blanco Santos_radar.png,/content/foda_output/personas/Erick David Blanco Santos_top10.png,/content/foda_output/personas/Erick David Blanco Santos_reporte.txt
Lizzy Pamela Mejia Mejia,PM_Lider,0.7678571428571428,"resiliencia, proactividad, scrum_kanban","frameworks_web, devops_cloud, ciberseguridad, qa_testing, ux_ui","Ciberseguridad aplicada (OWASP Top 10, hardening); DevOps/Cloud (Docker, CI/CD, despliegue en nube); Diseño de APIs REST con Node/Express y autenticación JWT; Frameworks web (React/Angular/Vue); Frontend/UX (patrones UI, heurísticas, handoff); Gestión del tiempo y priorización (técnicas Pomodoro/OKR/kanban personal)","formal, experiencia, aprendizaje, automatizados, automatizados contratación, vez, aprendizaje continuo, técnico diferenciador",/content/foda_output/personas/Lizzy Pamela Mejia Mejia_radar.png,/content/foda_output/personas/Lizzy Pamela Mejia Mejia_top10.png,/content/foda_output/personas/Lizzy Pamela Mejia Mejia_reporte.txt
