Nombre,LinkedIn,Rol_optimo,Puntaje_rol_optimo,Top3,Debilidades_texto,Amenazas_texto,Sugerencias
Katie Lai Yin Chiu Vásquez ,https://www.linkedin.com/in/katielai-chiu,PM_Lider,0.7276785714285714,"backend_api, gestion_tiempo, comunicacion",Horas de clase y los fines de semana el trabajo,"Ansiedad, enfermedades ","Ciencia de datos con Python (Pandas, scikit-learn, EDA); Descubrimiento de producto y research con usuarios; DevOps/Cloud (Docker, CI/CD, despliegue en nube); Experiencia de cliente/usuario; Frontend/UX (patrones UI, heurísticas, handoff); Métodos de investigación y redacción científica"
Eduin Ramón Chavarría Machado ,https://www.linkedin.com/in/eduin-ramon-chavarria-machado-36a618345?utm_source=share&utm_campaign=share_via&utm_content=profile&utm_medium=android_app,PM_Lider,0.6651785714285713,"redes, descubrimiento_producto, presentaciones",Procastinación,Disponibilidad de recursos como electricidad o transporte ,"Ciencia de datos con Python (Pandas, scikit-learn, EDA); DevOps/Cloud (Docker, CI/CD, despliegue en nube); Diseño de APIs REST con Node/Express y autenticación JWT; Diseño y operación de bases NoSQL; Frontend/UX (patrones UI, heurísticas, handoff); Python para ciencia de datos y automatización"
Jackyr Antonio Discua Calix,https://www.linkedin.com/in/jackyr-dc,PM_Lider,0.8169642857142857,"js_ts, redes, sql","Tiempo
Recursos económicos
Demasiadas áreas de interés ","Estabilidad económica familiar
Política nacional","Ciberseguridad aplicada (OWASP Top 10, hardening); DevOps/Cloud (Docker, CI/CD, despliegue en nube); Frontend/UX (patrones UI, heurísticas, handoff); Gestión del tiempo y priorización (técnicas Pomodoro/OKR/kanban personal)"
Heysser Javier Machado Mejía ,https://www.linkedin.com/in/heysser-javier-machado-mej%C3%ADa-508239299,PM_Lider,0.6830357142857143,"docencia, relacion_cliente, presentaciones","Procrastinación 
Aveces necesito que me guíen para poder avanzar
Aveces puedo ser demasiado expresivo al momento de comunicarme.","Redes sociales
Tener demasiado tiempo libre 
Condiciones físicas y de salud.","Comunicación y presentaciones técnicas (storytelling, pitch, visualización); DevOps/Cloud (Docker, CI/CD, despliegue en nube); Frameworks web (React/Angular/Vue); Gestión del tiempo y priorización (técnicas Pomodoro/OKR/kanban personal); JavaScript/TypeScript moderno; Manejo del estrés y resiliencia (hábitos, límites, descanso)"
Lester Bustillo,https://www.linkedin.com/in/lester-bustillo-b81487304?trk=contact-info,QA,0.6893939393939394,"creatividad, negocio, descubrimiento_producto","Me limita la falta de experiencia práctica en proyectos reales y el manejo del tiempo entre estudios y trabajo.
A veces me cuesta mantener una rutina constante de estudio fuera de las clases.
También necesito fortalecer mis habilidades de comunicación profesional para expresar mejor mis ideas técnicas.","La alta competencia en el campo de la ingeniería en sistemas, donde muchos profesionales buscan las mismas oportunidades.
Además, la limitada oferta de empleos tecnológicos locales puede dificultar obtener experiencia laboral inmediata.","Ciberseguridad aplicada (OWASP Top 10, hardening); Ciencia de datos con Python (Pandas, scikit-learn, EDA); Comunicación y presentaciones técnicas (storytelling, pitch, visualización); DevOps/Cloud (Docker, CI/CD, despliegue en nube); Gestión del tiempo y priorización (técnicas Pomodoro/OKR/kanban personal)"
Erick David Blanco Santos,https://www.linkedin.com/in/erick-david-blanco-santos-8b43aa356/,Data_ML,0.7435897435897435,"programacion_python, colaboracion, comunicacion","-	Nivel básico en el diseño y manejo de bases de datos relacionales.
-	Baja participación en discusiones grupales o presentaciones por inseguridad o falta de práctica en habilidades comunicativas.
-	Habilidades sociales limitadas en contextos de negociación, lo que puede dificultar la defensa de ideas, propuestas o condiciones laborales.
-	Nivel de inglés medio que puede limitar la participación en entrevistas, reuniones

","-	Cambios rápidos en tecnologías frontend/backend que requieren actualización constante
-	Exigencias crecientes de fluidez en inglés para roles en empresas internacionales o proyectos remotos.
","Ciberseguridad aplicada (OWASP Top 10, hardening); Comunicación y presentaciones técnicas (storytelling, pitch, visualización); Descubrimiento de producto y research con usuarios; DevOps/Cloud (Docker, CI/CD, despliegue en nube); Didáctica y técnicas de enseñanza; Diseño de APIs REST con Node/Express y autenticación JWT"
Lizzy Pamela Mejia Mejia,https://www.linkedin.com/in/lizzy-pamela-mejia-mejia-932605270/,PM_Lider,0.7678571428571428,"resiliencia, proactividad, scrum_kanban","Riesgo de dispersión y sobrecarga: muchos frentes a la vez reducen profundidad y terminación impecable de algunos entregables.

Tiempo y energía limitados, con vulnerabilidad a agotamiento y a que la salud mental afecte la constancia (ritmo de estudio/práctica).

Aún falta consolidar especialización “estrella” (un nicho técnico diferenciador) y experiencia laboral formal prolongada con evidencia sólida de impacto.","Alta competencia internacional por roles de datos y filtros automatizados de contratación que penalizan perfiles sin experiencia formal extensa.

Restricciones logísticas (ubicación, visa, husos horarios) y condiciones locales (conectividad, eventos imprevistos) que pueden interferir con entregas o entrevistas.

Volatilidad económica/financiera y cambios rápidos en herramientas del stack que exigen aprendizaje continuo para no quedar desactualizada.","Ciberseguridad aplicada (OWASP Top 10, hardening); DevOps/Cloud (Docker, CI/CD, despliegue en nube); Diseño de APIs REST con Node/Express y autenticación JWT; Frameworks web (React/Angular/Vue); Frontend/UX (patrones UI, heurísticas, handoff); Gestión del tiempo y priorización (técnicas Pomodoro/OKR/kanban personal)"
