__Nombre,programacion_python,js_ts,frameworks_web,backend_api,sql,nosql,datos_ml,devops_cloud,ciberseguridad,redes,qa_testing,ux_ui,scrum_kanban,proactividad,comunicacion,colaboracion,aprendizaje_rapido,gestion_tiempo,resiliencia,analitico,creatividad,negocio,descubrimiento_producto,presentaciones,relacion_cliente,docencia,investigacion
Katie Lai Yin Chiu Vásquez ,0.75,0.75,0.75,1.0,0.75,0.5,0.25,0.0,0.75,0.75,0.0,0.0,0.5,0.75,1.0,1.0,1.0,1.0,0.75,1.0,1.0,0.5,0.25,0.25,0.25,1.0,0.0
Eduin Ramón Chavarría Machado ,0.25,0.5,0.5,0.25,0.5,0.25,0.25,0.5,0.75,1.0,0.5,0.25,0.75,0.75,0.5,0.75,0.75,0.5,0.75,1.0,1.0,0.5,1.0,1.0,1.0,0.75,0.5
Jackyr Antonio Discua Calix,0.5,1.0,0.75,0.75,1.0,0.75,0.75,0.5,0.25,1.0,0.5,0.0,1.0,1.0,0.75,0.75,1.0,0.75,1.0,1.0,1.0,0.75,0.75,0.75,0.625,1.0,0.75
Heysser Javier Machado Mejía ,0.5,0.25,0.25,0.5,0.5,0.5,0.5,0.5,0.5,0.5,0.5,0.5,0.5,0.5,0.75,0.75,0.75,0.75,0.75,0.75,0.75,0.75,0.75,0.75,0.75,0.75,0.75
Lester Bustillo,0.5,0.5,0.5,0.5,0.5,0.75,0.25,0.25,0.25,0.5,0.5,0.5,0.5,0.5,0.5,0.5,0.75,0.75,0.75,1.0,1.0,1.0,1.0,0.75,1.0,0.75,0.5
Erick David Blanco Santos,1.0,0.75,0.75,0.75,0.5,0.5,0.5,0.0,0.5,0.75,0.0,0.0,0.5,0.75,1.0,1.0,1.0,0.75,0.5,1.0,1.0,0.25,0.25,0.25,0.125,0.0,0.0
Lizzy Pamela Mejia Mejia,0.75,0.75,0.25,0.75,0.75,0.75,0.75,0.0,0.25,0.75,0.0,0.0,1.0,1.0,0.5,0.5,0.75,0.75,1.0,0.75,1.0,0.75,0.75,1.0,0.875,0.75,1.0
