Nombre,Top3_Fortalezas
Katie Lai Yin Chiu Vásquez ,"['backend_api', 'gestion_tiempo', 'comunicacion']"
Eduin Ramón Chavarría Machado ,"['redes', 'descubrimiento_producto', 'presentaciones']"
Jackyr Antonio Discua Calix,"['js_ts', 'redes', 'sql']"
Heysser Javier Machado Mejía ,"['docencia', 'relacion_cliente', 'presentaciones']"
Lester Bustillo,"['creatividad', 'negocio', 'descubrimiento_producto']"
Erick David Blanco Santos,"['programacion_python', 'colaboracion', 'comunicacion']"
Lizzy Pamela Mejia Mejia,"['resiliencia', 'proactividad', 'scrum_kanban']"
